{
	"settings": {
		"color": {
			"duotone": [
				{
					"colors": [
						"#D73301",
						"#F9F8F5"
					],
					"name": "Orange and white",
					"slug": "duotone-2"
				}
			],
			"gradients": [
				{
					"gradient": "linear-gradient(to bottom, #f6decd 0%, #dbab88 100%)",
					"name": "Vertical linen to beige",
					"slug": "gradient-1"
				},
				{
					"gradient": "linear-gradient(to bottom, #A4A4A4 0%, #dbab88 100%)",
					"name": "Vertical taupe to beige",
					"slug": "gradient-2"
				},
				{
					"gradient": "linear-gradient(to bottom, #353535 0%, #dbab88 100%)",
					"name": "Vertical sable to beige",
					"slug": "gradient-3"
				},
				{
					"gradient": "linear-gradient(to bottom, #111111 0%, #dbab88 100%)",
					"name": "Vertical ebony to beige",
					"slug": "gradient-4"
				},
				{
					"gradient": "linear-gradient(to bottom, #353535 0%, #A4A4A4 100%)",
					"name": "Vertical sable to beige",
					"slug": "gradient-5"
				},
				{
					"gradient": "linear-gradient(to bottom, #111111 0%, #353535 100%)",
					"name": "Vertical ebony to sable",
					"slug": "gradient-6"
				},
				{
					"gradient": "linear-gradient(to bottom, #dbab88 50%, #f6decd 50%)",
					"name": "Vertical hard beige to linen",
					"slug": "gradient-7"
				},
				{
					"gradient": "linear-gradient(to bottom, #A4A4A4 50%, #dbab88 50%)",
					"name": "Vertical hard taupe to beige",
					"slug": "gradient-8"
				},
				{
					"gradient": "linear-gradient(to bottom, #353535 50%, #dbab88 50%)",
					"name": "Vertical hard sable to beige",
					"slug": "gradient-9"
				},
				{
					"gradient": "linear-gradient(to bottom, #111111 50%, #dbab88 50%)",
					"name": "Vertical hard ebony to beige",
					"slug": "gradient-10"
				},
				{
					"gradient": "linear-gradient(to bottom, #353535 50%, #A4A4A4 50%)",
					"name": "Vertical hard sable to taupe",
					"slug": "gradient-11"
				},
				{
					"gradient": "linear-gradient(to bottom, #111111 50%, #353535 50%)",
					"name": "Vertical hard ebony to sable",
					"slug": "gradient-12"
				}
			],
			"palette": [
				{
					"color": "#F9F8F5",
					"name": "Base",
					"slug": "base"
				},
				{
					"color": "#D73301",
					"name": "Contrast / 2",
					"slug": "contrast-2"
				},
				{
					"color": "#000",
					"name": "Contrast",
					"slug": "contrast"
				},
				{
					"color": "#f6decd",
					"name": "Base / Two",
					"slug": "base-2"
				}
			]
		},
		"layout": {
			"contentSize": "700px"
		},
		"typography": {
			"fontFamilies": [
				{
					"fontFace": [
						{
							"fontFamily": "Instrument Sans",
							"fontStyle": "normal",
							"fontWeight": "400 700",
							"src": [
								"file:./assets/fonts/instrument-sans/InstrumentSans-VariableFont_wdth,wght.woff2"
							]
						},
						{
							"fontFamily": "Instrument Sans",
							"fontStyle": "italic",
							"fontWeight": "400 700",
							"src": [
								"file:./assets/fonts/instrument-sans/InstrumentSans-Italic-VariableFont_wdth,wght.woff2"
							]
						}
					],
					"fontFamily": "\"Instrument Sans\", sans-serif",
					"name": "Instrument Sans",
					"slug": "body"
				},
				{
					"fontFace": [
						{
							"fontFamily": "Jost",
							"fontStyle": "normal",
							"fontWeight": "100 900",
							"src": [
								"file:./assets/fonts/jost/Jost-VariableFont_wght.woff2"
							]
						},
						{
							"fontFamily": "Jost",
							"fontStyle": "italic",
							"fontWeight": "100 900",
							"src": [
								"file:./assets/fonts/jost/Jost-Italic-VariableFont_wght.woff2"
							]
						}
					],
					"fontFamily": "\"Jost\", sans-serif",
					"name": "Jost",
					"slug": "heading"
				},
				{
					"fontFamily": "-apple-system, BlinkMacSystemFont, avenir next, avenir, segoe ui, helvetica neue, helvetica, Cantarell, Ubuntu, roboto, noto, arial, sans-serif",
					"name": "System Sans-serif",
					"slug": "system-sans-serif"
				},
				{
					"fontFamily": "Iowan Old Style, Apple Garamond, Baskerville, Times New Roman, Droid Serif, Times, Source Serif Pro, serif, Apple Color Emoji, Segoe UI Emoji, Segoe UI Symbol",
					"name": "System Serif",
					"slug": "system-serif"
				}
			]
		}
	},
	"styles": {
		"blocks": {
			"core/button": {
				"variations": {
					"outline": {
						"border": {
							"width": "2px"
						},
						"spacing": {
							"padding": {
								"bottom": "calc(0.9rem - 2px)",
								"left": "calc(2rem - 2px)",
								"right": "calc(2rem - 2px)",
								"top": "calc(0.9rem - 2px)"
							}
						}
					}
				}
			},
			"core/column": {
				"css": "border-radius: var(--wp--preset--spacing--10); align-items: flex-start",
				"spacing": {
					"blockGap": "var(--wp--preset--spacing--10)",
					"padding": {
						"bottom": "var(--wp--preset--spacing--20)",
						"left": "var(--wp--preset--spacing--30)",
						"right": "var(--wp--preset--spacing--30)",
						"top": "var(--wp--preset--spacing--20)"
					}
				}
			},
			"core/heading": {
				"css": ""
			},
			"core/navigation": {
				"typography": {
					"fontWeight": "400"
				}
			},
			"core/paragraph": {
				"css": ".has-drop-cap:not(:focus)::first-letter {\n\tfloat: left;\n\tfont-size: 3.4em;\n\tfont-style: normal;\n\tfont-weight: 100;\n\tline-height: 1;\n\tmargin: 0.09em .15em 0 0;\n\ttext-transform: uppercase;\n}\n& {border-radius: var(--wp--preset--spacing--20);}"
			},
			"core/pullquote": {
				"typography": {
					"fontSize": "var(--wp--preset--font-size--large)",
					"fontStyle": "normal",
					"fontWeight": "normal",
					"lineHeight": "1.2"
				}
			},
			"core/quote": {
				"border": {
					"radius": "var(--wp--preset--spacing--20)"
				},
				"typography": {
					"fontFamily": "var(--wp--preset--font-family--heading)",
					"fontSize": "var(--wp--preset--font-size--large)",
					"fontStyle": "normal"
				},
				"variations": {
					"plain": {
						"typography": {
							"fontStyle": "normal",
							"fontWeight": "400"
						}
					}
				}
			},
			"core/site-title": {
				"typography": {
					"fontWeight": "400"
				}
			},
			"makeiteasy/popup": {
				"border": {
					"radius": "var(--wp--preset--spacing--20)"
				},
				"css": "& .makeiteasy-popup-close{border-radius: 4px}& .makeiteasy-popup-close:focus{outline-width: 1px}",
				"spacing": {
					"blockGap": "var(--wp--preset--spacing--10)",
					"padding": {
						"bottom": "var(--wp--preset--spacing--20)",
						"left": "var(--wp--preset--spacing--20)",
						"right": "var(--wp--preset--spacing--20)",
						"top": "var(--wp--preset--spacing--20)"
					}
				}
			}
		},
		"css": ":where(.wp-site-blocks *:focus){outline-width:2px;outline-style:solid}\nh2 {margin-top: 6rem}\n.boxed {box-sizing: border-box}\n:where(.wp-site-blocks :focus) {\n\toutline: initial;\n}\n.popup-fixed .makeiteasy-popup-wrapper {border-radius:0}\n.open-button {background: var(--wp--preset--color--contrast-2);color: var(--wp--preset--color--base);padding: 0.3rem 0.6rem;margin: 0 0.1em;border-radius: 100px;cursor:pointer}\n.above-all {z-index:10001}\n.entry-content.entry-content {margin-top: 0}",
		"elements": {
			"button": {
				":hover": {
					"color": {
						"background": "var(--wp--preset--color--contrast)"
					}
				},
				"border": {
					"radius": "100px"
				},
				"color": {
					"background": "var(--wp--preset--color--contrast-2)",
					"text": "var(--wp--preset--color--base)"
				},
				"spacing": {
					"padding": {
						"bottom": "0.9rem",
						"left": "2rem",
						"right": "2rem",
						"top": "0.9rem"
					}
				},
				"typography": {
					"fontFamily": "var(--wp--preset--font-family--heading)",
					"fontSize": "var(--wp--preset--font-size--small)",
					"fontStyle": "normal"
				}
			}
		},
		"spacing": {
			"blockGap": "3rem"
		}
	},
	"version": 2,
	"$schema": "https://schemas.wp.org/wp/6.5/theme.json"
}